﻿<?xml version="1.0" encoding="utf-8"?>
<configurations silent_install="False" fileversion="" productversion="">
  <schema version="1" />
  <fileattributes />
  <configuration type="install" lcid="" dialog_caption="Evagene Clinical Installer" dialog_message="Evagene Clinical is enhanced by BayesMendel genetic risk analysis. The following components will be installled on your computer." dialog_bitmap="#APPPATH\banner.bmp" skip_caption="Skip" install_caption="Install" cancel_caption="Close" status_installed=" (Installed)" status_notinstalled="" failed_exec_command_continue="Failed to install %s. Continue with others components?" installation_completed="Evagene Clinical installed successfully !" installing_component_wait="Installing %s . Wait, this operation could take some time ..." reboot_required="To continue the installation you must restart your computer. Restart now?" advanced_caption="Advanced" dialog_selector_cancel="Cancel" dialog_selector_caption="Components List" dialog_selector_message="Select the components to install." dialog_selector_ok="OK" dialog_otherinfo_caption="" dialog_otherinfo_link="" complete_command="" complete_command_silent="" auto_close_if_installed="True" os_filter_greater="" os_filter_smaller="" os_filter_not_match_message="This setup cannot run under the current operating system!" processor_architecture_filter="" processor_architecture_filter_not_match_message="This setup cannot run on the current processor!" cab_dialog_message="%s" cab_cancelled_message="" cab_dialog_caption="" cab_path="#TEMPPATH\#GUID" cab_path_autodelete="True" log_enabled="False" log_file="#TEMPPATH\dotNetInstallerLog.txt">
    <components>
      <component os_filter_greater="" os_filter_smaller="" os_filter_lcid="" type="cmd" installcompletemessage="" mustreboot="False" required="True" description="Microsoft .NET Framework 3.5" note="English - Standard - .NET Framework 3.5" processor_architecture_filter="" command="&quot;#APPPATH\SupportFiles\dotNet3.5\dotnetfx35setup.exe&quot; /q:a /c:&quot;install /qb&quot;">
        <installedcheck type="check_registry_value" path="SOFTWARE\Microsoft\NET Framework Setup\NDP\v3.5" fieldname="Install" fieldvalue="1" fieldtype="REG_DWORD" comparison="match" rootkey="HKEY_LOCAL_MACHINE" wowoption="NONE" />
        <embedfiles />
      </component>
      <component os_filter_greater="" os_filter_smaller="" os_filter_lcid="" type="cmd" installcompletemessage="" mustreboot="False" required="True" description="R" note="R Statistical Computing Tools" processor_architecture_filter="" command="&quot;#APPPATH\SupportFiles\R\R-2.8.1-win32.exe&quot; /q:a /c:&quot;install /qb&quot;">
        <installedcheck type="check_registry_value" path="SOFTWARE\R-core\R" fieldname="Current version" fieldvalue="2.8.1" fieldtype="REG_SZ" comparison="exists" rootkey="HKEY_LOCAL_MACHINE" wowoption="NONE" />
        <embedfiles />
      </component>
      <component os_filter_greater="" os_filter_smaller="" os_filter_lcid="" type="cmd" installcompletemessage="" mustreboot="False" required="True" description="RCOM" note="RCOM for access from Evagene" processor_architecture_filter="" command="&quot;#APPPATH\SupportFiles\RCOM\R_Scilab_DCOM3.0-1B5.exe&quot; /q:a /c:&quot;install /qb&quot;">
        <embedfiles />
      </component>
      <component os_filter_greater="" os_filter_smaller="" os_filter_lcid="" type="msi" installcompletemessage="" mustreboot="False" required="True" description="Evagene.msi" note="" processor_architecture_filter="" package="#APPPATH\Evagene.msi" cmdparameters="" cmdparameters_silent="">
        <embedfiles />
      </component>
    </components>
    <embedfiles />
  </configuration>
</configurations>